machine_id,channel_id,raw_f1,likelihood_raw_f1,PA_f1,likelihood_PA_f1,au_roc,likelihood_au_roc
1,8,0.26362735381565905,0.37205987170349253,0.9310555216595485,0.8010498687664042,0.7855310874729889,0.8414180366725623
