machine_id,channel_id,raw_f1,likelihood_raw_f1,PA_f1,likelihood_PA_f1,au_roc,likelihood_au_roc
3,8,0.1851357365376057,0.31185031185031187,0.3661858974358974,0.915525876460768,0.7679385159817954,0.8012659758379398
