machine_id,channel_id,raw_f1,likelihood_raw_f1,PA_f1,likelihood_PA_f1,au_roc,likelihood_au_roc
3,9,0.11665817626082527,0.46703296703296704,0.1515,0.7038327526132404,0.9175071995055895,0.9259710765163105
