machine_id,channel_id,raw_f1,likelihood_raw_f1,PA_f1,likelihood_PA_f1,au_roc,likelihood_au_roc
1,5,0.030112923462986198,0.324853228962818,0.035746201966041107,0.3787878787878788,0.9470689655172414,0.9654405659578074
