machine_id,channel_id,raw_f1,likelihood_raw_f1,PA_f1,likelihood_PA_f1,au_roc,likelihood_au_roc
1,2,0.12223530951446146,0.5023969319271333,0.14048729911871435,0.8166666666666667,0.9263506759117349,0.9247662487855011
